{
  "productos": [
    {
      "id": "1",
      "nombre": "La gioconda, leonardo da vinci",
      "precio": "2,797,404,320,000",
      "url": "https://hips.hearstapps.com/hmg-prod/images/mona-lisa-also-called-la-gioconda-or-la-joconde-c1503-1506-news-photo-1652350725.jpg?resize=980:*"
    },
    {
      "id": "2",
      "nombre": "Impresión, sol naciente, claude monet",
      "precio": "279,706,893,480",
      "url": "https://hips.hearstapps.com/hmg-prod/images/impression-sunrise-by-claude-monet-paris-mus-c3-a9e-marmottan-news-photo-1652352017.jpg?resize=980:*"
    },
    {
      "id": "3",
      "nombre": "Cueva de altamira",
      "precio": "...",
      "url": "https://hips.hearstapps.com/hmg-prod/images/cuevas-altamira-1547643201.jpg?resize=980:*"
    },
    {
      "id": "4",
      "nombre": "Las meninas, diego de velázquez",
      "precio": " 15,679,492.48",
      "url": "https://hips.hearstapps.com/hmg-prod/images/las-meninas-by-diego-velazquez-from-the-worlds-greatest-news-photo-1652351734.jpg?resize=980:*"
    },
    {
      "id": "5",
      "nombre": "La capilla sixtina, miguel ángel",
      "precio": "11,586,000,000",
      "url": "https://hips.hearstapps.com/hmg-prod/images/the-creation-of-adam-by-michelangelo-is-painted-on-the-news-photo-1652350574.jpg?resize=980:*"
    },
    {
      "id": "6",
      "nombre": "La noche estrellada, vincent van gogh",
      "precio": "3,996,291,900,000",
      "url": "https://hips.hearstapps.com/hmg-prod/images/saint-remy-june-1889-oil-on-canvas-29-x-36-1-4-inches-news-photo-1652793304.jpg?resize=980:*"
    },
    {
      "id": "7",
      "nombre": "El nacimiento de venus, botticelli",
      "precio": "106,688,500,000",
      "url": "https://hips.hearstapps.com/hmg-prod/images/painting-titled-the-birth-of-venus-by-sandro-botticelli-news-photo-1652351940.jpg?resize=980:*"
    },
    {
      "id": "8",
      "nombre": "El jardín de las delicias, el bosco",
      "precio": "...",
      "url": "https://hips.hearstapps.com/hmg-prod/images/oil-on-panel-220-x-389-cm-museo-del-prado-madrid-spain-news-photo-1652350791.jpg?resize=980:*"
    },
    {
      "id": "9",
      "nombre": "La joven de la perla, johannes vermeer",
      "precio": "...",
      "url": "https://hips.hearstapps.com/hmg-prod/images/the-exhibit-the-girl-with-pearl-earring-of-johannes-vermeer-news-photo-1652351890.jpg?crop=0.66667xw:1xh;center,top&resize=980:*"
    },
    {
      "nombre": "Marilyn, andy warhol",
      "url": "https://hips.hearstapps.com/hmg-prod/images/guard-near-the-painting-turquoise-marilyn-by-andy-warhol-news-photo-1652351852.jpg?crop=0.521xw:0.702xh;0.195xw,0.176xh&resize=980:*",
      "precio": "759,408,000,000",
      "id": "Bb70D2N"
    }
  ]
}